[
{
	"longitude":5,
	"latitude":25,
	"cameraId":"4",
	"locationName":"Ground",
	"cameraName":"Auto 2000 - Jl. DR. Djunjunan 192",
	"locationId":2,
	"totalCustomer":450.0,
	"busiestDay":"Friday",
	"busiestHour":9,
	"percentChanges":"+54.11%",
	"customerPerHour":23.9111,
	"title":"Auto 2000",
	"area":"Bandung Utara",
	"addr":"Jl. DR. Djunjunan 192",
	"lat":-6.890633,
	"lng":107.574578,
	"sales":3,
	"percentChange":-75.0,
	"topVehicle":"Agya"
},
{
	"longitude":300,
	"latitude":10,
	"cameraId":"5",
	"locationName":"Ground",
	"cameraName":"Tunas Toyota - Jl. Gatot Subroto 111",
	"locationId":2,
	"totalCustomer":446.0,
	"busiestDay":"Tuesday",
	"busiestHour":9,
	"percentChanges":"+53.79%",
	"customerPerHour":24.4883,
	"title":"Tunas Toyota",
	"area":"Bandung Utara",
	"addr":"Jl. Gatot Subroto 111",
	"lat":-6.899488,
	"lng":107.595943,
	"sales":6,
	"percentChange":20.00,
	"topVehicle":"Avanza"
},
{
	"longitude":-20,
	"latitude":-200,
	"cameraId":"2",
	"locationName":"Ground",
	"cameraName":"Auto 2000 - Jl. Asia Afrika 152",
	"locationId":1,
	"totalCustomer":277.0,	
	"busiestDay":"Friday",
	"busiestHour":14,
	"percentChanges":"+79.87%",
	"customerPerHour":13.8134,
	"title":"Auto 2000",
	"area":"Bandung Selatan",
	"addr":"Jl. Asia Afrika 152",
	"lat":-6.921645,
	"lng":107.611086,
	"sales": 5,
	"percentChange":-37.50,
	"topVehicle":"Innova"
},
{
	"longitude":-270,
	"latitude":10,
	"cameraId":"3",
	"locationName":"Ground",
	"cameraName":"Auto 2000 - Jl. Soekarno Hatta 145",
	"locationId":1,
	"totalCustomer":384.0,
	"busiestDay":"Friday",
	"busiestHour":9,
	"percentChanges":"+73.76%",
	"customerPerHour":19.4052,
	"title":"Auto 2000",
	"area":"Bandung Selatan",
	"addr":"Jl. Soekarno Hatta 145",
	"lat":-6.942983,
	"lng":107.649189,
	"sales": 11,
	"percentChange":83.33,
	"topVehicle":"Vios"
},
{
	"longitude":-260,
	"latitude":60,
	"cameraId":"6",
	"locationName":"Upper Ground",
	"cameraName":"Auto 2000 - Jl. Soekarno Hatta 759",
	"locationId":2,
	"totalCustomer":506.0,
	"busiestDay":"Friday",
	"busiestHour":9,
	"percentChanges":"+73.29%",
	"customerPerHour":25.586,
	"title":"Auto 2000",
	"area":"Bandung Timur",
	"addr":"Jl. Soekarno Hatta 759",
	"lat":-6.935121,
	"lng":107.714573,
	"sales": 6,
	"percentChange":-50.00,
	"topVehicle":"Yaris"
}
]